,class,Fp1_delta,Fp1_theta,Fp1_alpha,Fp1_beta,Fp1_gamma,Fp2_delta,Fp2_theta,Fp2_alpha,Fp2_beta,Fp2_gamma,O1_delta,O1_theta,O1_alpha,O1_beta,O1_gamma,O2_delta,O2_theta,O2_alpha,O2_beta,O2_gamma,mean_rr,sdnn,cv,rmssd,pnn50,mean_ppg_amplitude,temperament
0,0,167.4279804063596,21.312448106461105,22.866735517250074,11.66568700691723,0.24958550682355862,83.04690896506875,10.787372454629502,11.502629353509581,5.783483575306605,0.08578289206851368,50.30168029803246,27.08045363734237,32.83621045787166,20.38632334519529,1.4686967716862227,44.91277284865046,24.23817561202211,28.658903806544053,26.329025376374194,0.8818420463743831,742.3,45.3715148410801,0.06112288137017392,37.65974522293541,0.15384615384615385,2.6768036957652246,2
1,0,117.1449394342365,25.650512365776443,22.13670778305243,11.011177636700632,0.2536984782982004,58.5455083878658,13.003746847009126,11.43812060967552,5.341689346103378,0.09238923716997954,50.48568967269439,21.832297312558303,25.244787215425703,18.620534209931623,1.394028807681001,46.6586138849133,19.308551643678257,22.799518056457675,24.610576833858694,0.8863083632539661,751.5897435897435,45.890440438251616,0.06105783218790301,39.56606733313931,0.18421052631578946,2.7227400196528277,2
2,0,581.3696518990375,83.37490367703086,32.59067495095244,21.806740180449744,0.31543908692230116,282.89929012807676,41.1730008710477,15.875848832817805,10.167679348145924,0.12948451451082044,111.44044836473067,48.04198973054082,47.04412692310404,41.4633438427225,1.2734564891923834,102.91412732629688,51.15598805281994,51.73111607072845,59.78934511167661,1.4014623783399918,697.2380952380952,61.439563611496915,0.08811848352967049,27.63525496667518,0.04878048780487805,1.8978627318206602,2
3,0,700.9415654770291,83.41529831137828,38.94059865481019,25.12248558901978,0.24679133434209974,346.88137484654624,41.64397748987315,19.921741010158925,11.803990900997686,0.104862551691257,120.36356374251002,60.46716897079812,57.12341572269524,43.36124972365772,0.9080495248611586,117.46757031323006,70.35135294228816,69.03291791649927,60.299883867581414,1.2927194870457215,689.0232558139537,68.31910015720437,0.09915354754825798,39.7036642185697,0.07142857142857142,1.3887731878938567,2
4,0,335.4062866504271,40.72649563737005,27.003545212748268,22.02683135656179,0.23467877194168735,168.58536748771257,22.10228596441788,14.350230961896736,11.088043912537293,0.10056603644851485,82.46837896541489,56.99785601702543,61.8766562314146,34.38638066539616,0.7293306762702314,90.68918136436484,67.83094959957151,63.09288683873075,51.12781470373397,0.9554901714053359,716.8780487804879,61.406919448035325,0.08565880842982607,42.388677733563924,0.125,1.7896986742160652,2
5,0,588.6378137316151,93.65172390833114,35.73505499139092,21.356130815555925,0.25151116076363034,291.2499802093863,48.18552675282984,18.424994419484616,11.113909857993475,0.113088808188995,102.88486091617897,53.72578361625305,54.205845611075105,42.123454677548644,0.8601894116812393,102.16604739561002,62.11935672983048,53.88915805945291,57.574075687686204,1.0685415358782737,702.6341463414632,39.89596226284058,0.05678056278729742,26.161039734688117,0.075,2.3130054869837955,2
6,0,1056.3960862000324,187.227471631602,51.13939736859685,24.704426586158235,0.2710281228603188,528.1592372830913,94.60860950473264,26.155288871240607,12.605055681222252,0.12137165530388729,88.16209067461165,41.25894021145687,55.21655568544206,36.028285932156074,0.9314104725926613,90.28425131914197,50.26997325326256,53.87502651613667,39.018914326243674,0.9290742692865827,681.953488372093,47.7722540953529,0.07005207086687268,24.873010808235897,0.047619047619047616,1.8996050685069648,2
7,0,306.85080663232685,51.39272030644189,28.72874195986065,19.458210197760245,0.2506855460257472,151.87287587546575,26.44693069402027,14.523178094443537,9.862534699836683,0.10506383957069386,92.4095598874669,46.04924621326556,51.063819504720016,45.22431590115499,1.0595781374288338,92.20567806821919,54.887308423641514,46.26578301320922,51.827941187140034,1.351969879092656,676.8372093023256,43.71821579189341,0.06459192135278369,25.523098781861105,0.023809523809523808,1.3962862054166978,2
8,0,329.03226651142455,46.81053928778626,29.547547095056377,19.42934209258373,0.290544094169725,163.23939555146345,23.896933452353064,14.87392479880486,9.775734984095235,0.11866069872013903,78.0131140544759,52.177319913971985,48.657553730947754,47.64005489871589,1.177339453418946,88.97197046367725,59.58748770118833,46.47273592121995,67.38681464330574,1.7231434510988741,691.047619047619,33.17136024546318,0.048001554930728135,24.815416136928523,0.0,1.599571962460361,2
9,0,577.6728521835059,73.5405413419326,28.04745991755053,20.642526779958324,0.30929496399183887,286.4561170650229,36.45315084041948,14.251083487012696,10.282638394087972,0.12419090010129816,79.77998904128835,48.168947174586904,43.63700180641388,51.1185543820813,1.1936683741427578,84.91948904505718,54.912825597589155,57.07931324682151,75.12825781742741,1.8248018414791218,684.3720930232558,23.59683519519694,0.03447954034910522,21.42539659020957,0.0,1.7888650973872964,2
10,0,384.9441195087843,62.60126121556062,23.136508902844152,20.656948782426166,0.3152031565279838,188.41327934767136,32.580096493989856,11.831761049212854,10.183874025584695,0.1219596322065204,75.04795483443169,50.020091555438405,42.52906475239504,52.22970544531961,1.3051403755222704,80.957132827785,58.88168473870313,50.368891332191964,74.12155960055884,1.8734373834218805,699.6190476190479,30.435018647053536,0.043502272773490606,21.129103728989104,0.0,2.136161878451359,2
11,0,209.3118655570058,44.17570980861532,22.870870830467542,19.306249828199675,0.32544096968517955,101.31785826009843,23.179473354150197,11.713901848906822,9.405468270650099,0.1263275530780087,80.88191264966615,47.175736663759025,47.29369950223926,47.20239031050899,1.3796503801088564,87.94003230485832,59.90510068137931,50.309535106027965,59.13461009049678,1.9890824666978721,718.2439024390238,24.33185205425678,0.03387686546538063,22.636254107074443,0.0,2.3004468202921524,2
12,0,288.6948528169744,52.06051467941282,25.16100809069757,22.513131853322598,0.3685627245739075,139.4470238435458,26.724763177846828,13.128987685733954,11.13905074980792,0.15225317080998896,105.98968920723732,50.64526060109831,62.33710813136684,46.28775529015474,1.3911162585573058,114.22993840806555,57.10634737132707,72.65332220537825,66.47545989093376,2.117402149024776,722.6341463414636,28.02298707986196,0.038778941213525715,25.47940344670759,0.025,2.0590707549212732,2
13,0,367.9240475626689,52.117198692780335,24.72262937724503,24.971223485938804,0.3756945953735315,182.25888013272137,26.413180448543287,12.713323622276361,12.222879584595963,0.15153069368012387,142.09246203627845,52.19407128811432,75.64540504399558,66.79924673324315,1.4632349352146117,150.56407337779459,61.468534006309625,84.6811758631747,101.94514746064733,2.4021872689660624,716.2926829268292,34.425458531760675,0.04806060337109057,27.408028021001545,0.075,1.9124510341090146,2
14,0,227.15467908879316,40.540046126628994,22.643449693691064,21.23900318565496,0.3412692988370579,110.15808874914602,20.74086525894144,11.609649827640379,10.037885763681674,0.13523380975814242,118.48800030383677,48.0431910569027,57.83876798041928,59.936574448131935,1.3451868327966072,123.90237379501976,47.94861975511811,65.44632070318916,101.37043131234181,2.3537737506597236,729.1000000000005,36.82794368271703,0.05051151238885887,27.66095090787886,0.10256410256410256,2.3255588155686695,2
15,0,237.12660788453283,46.392855242958774,23.63801568524648,22.567861497609986,0.3421910667010445,117.13781521000091,24.482041890683867,12.740827272404509,10.642871220462975,0.1389448853300444,92.32715228137755,61.836160930474605,53.52642996494815,56.346861316518236,1.2831652936495368,96.10209510402352,57.5073873545828,66.87969747073006,93.65716967852399,2.2447756250893565,733.5000000000002,43.18297385277152,0.058872493323478534,26.135740339174504,0.10256410256410256,2.538990126526055,2
16,0,385.4668885900379,52.267433988135075,23.322575223459815,23.61497453910135,0.3592644297653076,191.88549725265176,27.541514677557295,12.077967572871534,11.001491868079889,0.14306553594922203,99.55963732632976,55.476910078869516,52.460664299821886,55.661142277804544,1.2157741894500491,101.87643514878017,56.22104055756161,77.3463204077468,93.63376954015403,2.5219789427201906,735.1000000000006,48.64091345295953,0.06616911094131342,25.970397348931673,0.05128205128205128,2.3920441189357633,2
17,0,1782.0807091396105,242.70818057102508,49.36202276749728,28.30284150558678,0.3595110387228544,875.7275526921036,118.42128507199443,23.669508070798543,12.958125971521214,0.14226752900041773,172.3744375781411,67.55611184285908,67.55750665727186,65.53472726111403,1.3020783940909644,148.5626763654194,82.38339904660262,92.68997222959615,130.6311677531407,2.700111095265136,730.0999999999995,69.82461545240726,0.09563705718724463,39.25981830489223,0.07692307692307693,1.7894702045829485,2
18,0,1975.1375865441287,262.195818347322,65.47145595236462,25.701691796738135,0.2936047135071932,958.9365534380362,131.05030041079914,30.9941409345403,11.860715804545446,0.10894259231515749,185.0566147669227,53.47231233201797,56.92782622859149,50.68352921830187,1.269063045220536,167.467406372048,69.5593596113541,78.9664831357753,99.40996243847196,2.3700216699964365,727.8999999999996,67.8851972082259,0.09326170793821395,40.230107363288354,0.15384615384615385,1.4372578108956995,2
19,0,1306.8999978929096,128.3589952108278,42.06002125059043,20.708891708601403,0.2536565194944684,631.737099493391,65.01893623321422,20.330015733797858,9.992238610640703,0.09359848248565886,142.57467638481353,40.43051926706909,37.83207894542244,32.93474341475418,1.082933438483417,144.89626248923278,55.65737587456356,66.83423393756345,69.67503467050052,1.827940301542651,738.0512820512819,56.51546072487251,0.07657389411721889,37.61858443293043,0.18421052631578946,1.7842064834985691,2
20,1,863.5491801003695,100.77009021217644,35.95705458537213,18.29802326878679,0.24697648505446884,418.09965070795175,50.4941723380983,18.285147624036064,9.137362130581023,0.09620350062594822,130.3289994694088,40.9978112269645,30.14299203498683,26.40337918258667,0.9384827011045136,129.78329169116478,52.20257851629785,39.87729595384302,54.628502918362415,1.3904610908241875,736.4000000000003,54.52113210631009,0.07403738743388114,34.835878940237464,0.10256410256410256,2.0221135368572587,2
21,1,395.10689163134936,54.045121258086,23.022247833516143,16.40701804831715,0.2561951856205118,193.53199364550798,28.498605373141555,12.127494270119318,8.199280040757955,0.1022704044649443,110.98319191129964,50.60226202511701,28.777228296549342,22.566756949215947,0.8505671656586886,112.06401923162622,55.919723556882445,38.6797524563616,44.827001453792896,1.2332995739162724,732.2999999999993,36.64255617553392,0.050037629626565557,29.379916391642347,0.02564102564102564,2.3557366490879907,2
22,1,224.89367492697312,44.36078113784867,23.518879537204594,19.11851240398371,0.22830632946334,106.84839946562123,22.999652750063095,12.228156608968733,9.327026121229572,0.0900625189822529,127.1428042833358,47.003892491076016,40.80914175260904,24.414281618807422,0.7712573800649949,127.75363622808942,51.65475487635241,45.331055356102006,38.48543985965985,1.0410676645026806,729.2000000000002,65.48407518293646,0.0898026264165338,38.659592633189376,0.10256410256410256,2.267578407481049,2
23,1,169.43852741996443,35.519416236291754,22.47155436451705,18.48602907534279,0.199292246261128,80.04251490224881,18.547629026092075,11.691891757390724,8.907575671936014,0.08131311904117813,103.82574111135925,43.950937548357565,42.122572522167424,24.293028254499728,0.6642539596460746,113.15710945612106,46.6851971078383,45.45658616386195,35.84910570162712,0.9234834513813924,727.7073170731711,70.67893742213444,0.09712550054657161,40.78725291068352,0.175,2.2291582395160248,2
24,1,170.25623452883755,36.4902692489722,20.36558364629007,14.513037786652616,0.21253340267442344,82.60636861164147,19.136058573349516,10.687933148732611,7.150121639143095,0.08907342804397614,85.57458066956515,49.314189687472265,29.048901345980457,19.426305831847095,0.6345947651656605,87.6694013342304,50.04541394506951,39.486252818859555,29.46670626374893,0.8946694666297746,721.3000000000008,41.51379134450479,0.05755412636143733,26.323432088604967,0.05128205128205128,2.4778702129142003,2
25,1,310.07013232039884,39.35131024012739,23.127052509053247,15.399595555704714,0.28669044634966223,152.45293262932734,20.413516910939805,12.248781552274497,7.6252995929644065,0.12550647649903587,94.78532220592079,48.15185334701479,29.69953989315647,18.285585191497212,0.6249044079806545,102.64575657546564,54.96551532705157,34.89612111026384,29.365094168625426,0.8344259532341101,732.8205128205124,42.28404688275479,0.05770041387079908,28.48452950380294,0.07894736842105263,2.1493908201008916,2
26,1,477.3595550674855,51.997060448254295,21.83758672458792,15.609916754870993,0.3794552781737913,235.4093176030679,26.376686467137958,11.190683143893914,7.737031752673284,0.16780058061480485,87.99417211236049,43.21579803032209,30.92181990612826,19.305869893908792,0.7168290469795956,93.35267163836689,45.63967634275056,31.34716306029818,31.212068318956472,0.9052496354315117,739.1000000000006,61.5324804785751,0.08325325460502646,38.786727838403515,0.1794871794871795,1.7939219820212926,2
27,1,249.93412330621746,45.80198992535705,19.30340792138148,15.537915590628407,0.3115561261550744,120.66257364436737,23.694601708924598,9.78426288356948,7.601308280620151,0.1278151928780288,84.97739042666522,36.672607806384406,32.81563550623082,20.146754161300567,0.8760046449343692,87.35647217132828,40.97449067465879,37.45360375476412,37.488634562075056,1.0601529494394235,724.4,58.70954144268337,0.08104575019696765,34.4926599401016,0.10256410256410256,2.078923268830506,2
28,1,215.256291485107,40.16463281059768,24.13984609226924,17.55530874323682,0.30649323195171047,104.94836703389976,20.70773929803199,12.312794471239062,8.71560865951999,0.12316932165885534,91.43697084786007,43.81354850547331,30.527547849018053,20.50626940992396,0.9215581611347681,94.82785162280487,49.99692604088142,38.834136068948,43.38204441359077,1.0858286498058582,701.5238095238094,39.852923567045,0.05680908192424282,25.96057047739597,0.07317073170731707,2.2090672022038604,2
29,1,172.75783418243688,40.78341528434002,23.715965809045812,17.350564856835604,0.2709535320619993,85.94634256464053,21.08149869021211,12.384124420232473,8.745413787911701,0.10312748129682042,83.97677459316382,46.88195921966887,29.456907930436074,21.388416024134433,0.9491919037658043,84.98713891198953,54.169310791913404,37.336692924020674,38.44576222384234,1.0808862147219864,688.279069767442,32.64114083950583,0.04742428220363395,22.953368878164856,0.047619047619047616,2.149380512379577,2
30,1,530.312888934707,60.7797787595605,29.247860767508055,18.47332616836627,0.2865673972517324,262.0947165736896,31.044800672126065,14.898833928948703,9.18449941530661,0.11078021577128208,105.95287020695737,40.39680035480498,33.380510357610554,24.09715512849581,1.0557993364693827,105.08828141933697,46.85678019268589,43.65926475543101,38.43404571296508,1.1652607557292343,698.4761904761908,38.12126869081408,0.05457776401057371,29.559365648830802,0.04878048780487805,2.1469275309376363,2
31,1,590.4597969389938,57.00921144307696,26.807353324770954,19.69386490169077,0.3073345162776596,291.55512275777494,29.03754297656985,13.214223683523606,9.77524358445967,0.11775981137362662,108.2828394415561,41.22047971505606,41.835009678364074,23.325165027403212,1.1039588713798265,113.49522598198324,42.057024737392545,42.9501550395929,40.578781915030646,1.2407525333076441,717.9999999999993,45.822399628266844,0.0638194980895082,35.994301543304914,0.10256410256410256,1.9133302707559972,2
32,1,304.1703288479985,41.1859028818365,18.63632206371787,17.227250091297286,0.2978513687518257,149.67008301189375,21.529103129590837,9.558840544290742,8.571451093757883,0.11118944951982718,104.42656821905054,38.149469946302226,32.612886903215994,18.613697814852067,1.0980894948360136,96.73932575839329,44.53165176826389,35.98258601884195,33.464669628320806,1.1760497624115387,714.2439024390242,43.11889405342357,0.060369985527604385,30.099833886593707,0.075,2.0040368733099307,2
33,1,231.821044989147,30.59479408375882,17.386400281061356,16.28065571229685,0.2922553413174355,112.91124839589213,15.75151747621835,9.158693932917544,8.028080035429845,0.10733344044322002,111.02070376426845,39.65071380754673,24.394817914548117,19.223676335782205,1.1749122903107925,105.54682719163732,45.66712616726035,30.709479863196545,31.378286732130412,1.2183409040020483,719.9024390243907,45.126380797743856,0.06268402265576288,32.01249755956291,0.125,2.175398359120738,2
34,1,327.6524269468962,39.195866234433986,21.032322094050862,16.609053519476678,0.29992562546824875,166.10317288575914,19.663570505301912,10.537428291534962,8.216068701406329,0.11120954766798624,112.396293578166,40.94139382778519,29.77570104843902,20.159923401064795,1.1866341985381044,114.75696100731246,44.12505589803786,31.926454595050018,28.849471894907932,1.1795647253325565,718.6999999999998,39.715785145761636,0.05526058876549554,27.948670900943807,0.07692307692307693,1.9454642793643677,2
35,1,371.7630818070593,48.78176087310308,25.072323231845523,17.601147881371226,0.2968726429926522,186.0245568663259,24.404901601328095,12.68936619940183,8.627240068431792,0.11193578386561805,99.29635095771117,34.703319382609145,35.19798968826826,21.834814030373572,1.1111482849841432,103.04710919688384,40.26213956267677,36.515843937912535,28.85790939291501,1.0792449509468265,718.1463414634164,48.167188508163015,0.06707155036118322,30.423674991706246,0.075,1.8032751011972612,2
36,1,316.3502886620575,51.36294503954271,23.296239168082714,17.74153804808352,0.3507158611634063,156.2304979755329,26.645328806470268,11.932615452510461,8.704637664395586,0.13954519415539904,101.40103294436068,41.92541708628504,33.32670108388104,21.737413325291033,1.125961228541363,113.74298152873644,49.29722554886443,33.060697882532935,32.66798174688024,1.0725697728365815,716.390243902438,53.07959968236102,0.07409313587691696,30.938648968582324,0.075,1.7467266889257953,2
37,1,316.9387388191466,50.59814759701788,23.822390332236246,19.185867033869158,0.3558780601269118,158.03006866251732,26.465430205293963,11.907619427045017,9.627175643679658,0.1423863752179701,80.61463750969395,43.580352136412415,32.991704598825955,20.50890428646629,1.1152390463988942,84.14743458280233,46.662040464391616,32.858641068522275,27.441211854848554,1.0038287991583505,706.4390243902452,36.88770037593559,0.05221639674814792,26.396969523037136,0.05,1.8280816602230925,2
38,1,379.4360085177758,45.63857090565128,26.78000002557191,19.60932965978926,0.32761918391903516,186.75690358084813,23.747771062414266,13.603802867086378,9.547341681653142,0.13125397659434662,82.0403930155788,43.00738600340353,27.45299060185307,21.00053898208429,1.0206454554520934,82.33902265932377,41.235661979846995,29.061710617388645,22.75889559096297,0.8752150075757994,727.1219512195125,40.43278071191304,0.055606601676789005,32.94237392781549,0.15,2.114790448673614,2
39,1,349.5910733967958,36.928354703612094,24.013769637688153,18.82832355765058,0.30996437885261263,173.43111229254066,19.120657049250504,12.750291116947738,9.153941554224934,0.12554782094541764,87.14243529814998,36.95698609090748,30.607527767419366,21.995603560877466,0.9013042047791524,95.90333093737539,42.95947715891579,27.767075247183495,23.89484092631406,0.7898100038589683,752.1025641025641,51.76861214846799,0.0688318516906536,49.820731258767026,0.3157894736842105,2.3486583247956645,2
40,1,191.2259019133156,39.728066461191354,23.461948341873402,17.370314370008845,0.2972237480810263,94.94703888182829,20.322110802118477,12.229756079843394,8.601532909370652,0.12003899563533005,82.97200759158277,40.18544416746383,34.805074706374235,20.498770140174894,0.8512224331789866,91.9611612715932,42.495975407259564,29.892187152334863,26.827815610826104,0.7942868370547902,732.2051282051292,62.103131325059906,0.08481657520931969,48.00000000000282,0.2894736842105263,1.9851447312007273,2
41,1,114.562119668473,38.12271757088324,31.914462698672423,17.232298309228163,0.2953404966829941,54.52751529536942,19.80115703646382,15.595115215366722,8.414567709642098,0.1175488052299852,83.13487429595905,39.67995341152098,34.34929486472741,19.714308430788996,0.8761838011460453,81.99740752837734,43.713886182913456,30.589871692173567,26.158415296505506,0.8018795092736282,718.7317073170722,55.9745586808166,0.07787962895050508,37.619144062558206,0.15,1.9038355036155432,2
42,1,183.39308413845305,35.910390054785296,28.543203874312386,17.49328416218862,0.3176396071015045,90.41492478819771,18.24113500661002,14.363601478411294,8.706266941138392,0.1280875482148285,87.60475507157832,36.27442981411319,32.84594059254317,19.71404250247623,0.8496333666617732,87.77772289283877,41.62919894577993,29.090508008479944,23.06905301592431,0.7650014444538065,729.6585365853672,51.49738331027281,0.07057737383745091,39.91991983958786,0.175,2.3897673566252053,2
43,1,198.12374499370887,35.597769861292036,20.443007129111756,18.185481305740886,0.2865982308970034,98.3962377364326,18.063246466868435,10.31626565968113,9.082593208294218,0.11640479219864713,81.2271951587568,29.83175662041637,30.74131990252627,21.16542701125724,0.8332739012149233,87.49216159690428,38.81884057268269,30.92284983630887,23.822066144091508,0.782804561801542,735.1999999999975,55.47149880332295,0.07545089608721862,47.99999999999259,0.1794871794871795,2.5109953587486107,2
44,1,696.942374835843,88.94705994870918,23.22857300247468,19.249836633196985,0.29627201352078436,339.8875248900785,45.39477268193208,12.034555425481875,9.77517435777364,0.11997776589731109,99.42322553177993,35.08897468959446,31.41830827308835,22.59073432400962,0.8780177250637,100.09040987546808,35.700890188539425,34.28978572364096,27.07999888840997,0.7861653913257853,741.9487179487188,51.77174026839056,0.06977805745324957,48.419221933348155,0.18421052631578946,2.4351589192727316,2
45,1,665.5093618002142,81.11885532508997,24.64996819398118,18.384798236209935,0.3032493411799706,325.9631407810559,42.059606572826894,12.824995505046276,9.290128001575308,0.12309805525805474,111.15429557256216,42.6957451139278,31.552272154122267,21.565575501982764,0.9271284742525454,119.88904223428013,39.41591917213502,29.93516751823388,26.322683825917366,0.8612784607018606,713.5609756097554,55.345301869486406,0.07756211979248513,42.251627187615725,0.125,1.9757816632023975,2
46,1,327.11988637990305,41.45672891596578,23.900517327566956,19.302591569596274,0.305326106871435,162.87037006078148,22.06396187747631,12.127270442449133,9.521430668344689,0.12357559199754212,85.40845351889978,44.087139634728054,29.973574594588126,20.831281605722516,0.9639109955505296,95.06128185205921,45.004429884342514,29.678144031004535,25.435132113770894,0.9145182796573221,676.5581395348861,47.542112823210715,0.07027055037116917,37.82667237358916,0.07142857142857142,1.8630084490114294,2
47,1,395.42838717091917,53.53845657299413,27.912990493317828,20.10318201254444,0.3301938361441206,197.98840391618623,27.59307654315144,14.438779198401019,10.06130379443747,0.13947257647906397,77.44622969484205,44.37348033779011,29.80068782638835,19.051310772103914,0.9526246630694559,84.58145046857742,43.93893525854653,29.811828925478604,23.028452678467207,0.8427454206395542,647.8222222222206,36.81852849319543,0.05683430921356334,19.697715603603886,0.022727272727272728,1.9618637102547434,2
48,1,731.827602071378,76.10684118969698,27.700361149098008,21.685368150182413,0.43466996748793435,363.29319692007425,38.93071140447623,14.489956628417637,10.810388982018418,0.1939643989779866,102.05314279222748,39.17055527466117,27.084175664153552,18.444444355933282,0.8927200871313298,102.3151302218306,37.612841343826766,29.875774061409057,19.76602237259717,0.6957051083900312,679.000000000002,62.03449902890785,0.09136155968911291,25.53975469277649,0.046511627906976744,2.0813760619694532,2
49,1,392.69858282186743,55.04847828667558,28.55127126506915,22.650315206886507,0.3379231671217563,192.75602873356948,29.212954583586352,14.54626445800116,11.192740599170484,0.1452370252569944,104.40129848084595,50.40068468475971,26.80170392518371,19.976153611120413,0.8428305974923659,94.30305997068652,53.492799349159874,25.986229930902383,23.451748698385632,0.7482358115274823,738.4999999999991,44.25277044782445,0.059922505684257964,42.074415150493834,0.23076923076923078,2.2793166874906845,2
50,1,185.10046840568538,44.41369261923043,23.591332783151543,18.726033577321683,0.34774023558371814,88.73014185378001,23.70007363942198,12.303538235002497,9.464589689554089,0.15128488664471024,97.01214301666238,47.453864338976075,29.920788503065843,18.27963551653792,0.7622495326879534,97.53883332262882,51.24290202838088,25.88051970298685,25.053627870397754,0.7017459895769426,742.7692307692298,48.193940183861685,0.06488413653585363,43.12039449092519,0.23684210526315788,2.013159598443887,2
51,1,207.20455712020487,41.74293664846886,20.164336002128362,16.90023995794418,0.30540663262274637,101.01610895534814,21.559807560421724,10.40951395116311,8.453107050474884,0.13427376598230517,89.64394968151845,41.95966361858985,25.761274952805024,17.51807798225671,0.7038601739373076,96.16019670781542,42.98977756507722,25.212493755824283,24.637064512841206,0.6051248114494849,721.9000000000021,43.836409173551345,0.06072365864184959,26.268827192159314,0.05128205128205128,2.035477504058676,2
52,1,258.99208174880494,44.76763764474501,24.505152679536458,20.40037873605068,0.3010882088926945,127.61287224218347,22.929476355428307,12.643717667177663,10.01348689156996,0.12912419518474488,108.29148552410074,49.97174745096402,27.988478791041846,21.37838125522625,0.7530024402035573,125.1078189526193,48.05519430640681,26.526673622459377,26.76165485471635,0.6658521336137218,710.439024390245,45.085501428112735,0.06346146520710723,26.176325181349366,0.025,1.8918552893600733,2
53,1,222.25544346204313,43.78533080002674,28.77801432106319,23.54800787550842,0.32536836648568845,108.17838345454413,22.68639577517518,14.898902133515422,11.713230654567091,0.13834523779104307,100.42952307482197,50.41399354561973,33.59315372268111,20.270471160160778,0.7777383030655396,105.02167446649332,50.201795365210714,29.092440113664914,21.318457075118523,0.6120825146373643,721.756097560978,58.82889616838174,0.08150800023329424,43.657759905883154,0.175,1.82563914830593,2
54,1,177.99464156702888,37.695423186414445,24.043368164007155,22.455141862931733,0.4274614682744838,86.40823245871881,19.25887019898413,12.20311515771172,11.031158349551559,0.1873987880826319,89.71735850539714,44.187777326838955,32.59853960006604,19.47185596383894,0.8006341101902583,89.82955333073164,48.63431388231669,29.815968178274336,19.294477023898303,0.5854650109922301,724.2926829268272,48.88672821044744,0.06749581952546978,42.37924020083534,0.225,2.219661881357444,2
55,1,186.15801497074216,36.41595281190045,28.993296785623727,25.282758331279776,0.4714053459348793,90.08699177581195,19.585589293487452,14.84717310552999,12.520205983958975,0.2070471087557747,92.26764210074128,40.83671273116227,28.58567961017651,18.92231394534622,0.8361207297261192,84.49741566044577,49.20503614312942,26.073338583806443,18.245779985639622,0.6273298102232198,741.3333333333343,51.99460160912864,0.07013660289001156,36.832479945677235,0.23684210526315788,2.291268000109958,2
56,2,198.1866564851671,37.47053019756357,25.75170600196693,26.73909633060286,0.46897846819335964,97.16291932041305,20.178849074467024,12.878263003709382,13.461434648981866,0.2092985618112678,100.00081227071372,47.282089878240114,29.32224452306359,21.569174537694245,0.7997378061906679,103.85518982281147,46.10627039829541,25.836246700264926,19.64935294747648,0.6158645682840814,746.2564102564085,51.1163368409617,0.06849701542047523,33.3466640010854,0.13157894736842105,2.0203552358185073,2
57,2,237.1032085996963,35.97302726017181,24.094379853065234,28.283467399041523,0.5099760690030358,117.48428765783676,18.54822578695926,11.949730070728942,14.102327003789355,0.23024064254630072,92.28479037727122,49.323709262020955,26.4666017315208,19.243003692893993,0.7609949384794856,95.86968458777483,50.24485609288433,25.147881390896735,19.904399361423522,0.5875579952470001,724.7804878048782,41.66744064322367,0.05748973840261711,27.4153241819353,0.1,2.002946957991915,2
58,2,194.13887605948162,37.650911556733675,20.284950031453963,30.874914533658288,0.552636769589487,95.44379878561553,19.608222825566564,10.377875992970303,15.611766607426203,0.25422393245858216,80.02066557378058,44.097791702309024,25.11913762704244,18.141241410597765,0.7355482050311088,82.40194430930386,51.23534551937544,23.8713686963859,18.13509332890086,0.5236902253174923,709.9512195121939,38.71043219825885,0.05452548165894653,28.85827437668787,0.075,2.188196338810559,2
59,2,251.32637389173857,53.080687342189236,24.71008210779031,36.17051312664014,0.6024767811475209,120.45597587996528,27.416229134170578,12.0790797264234,17.81850053859589,0.27806737498037704,139.26129637605766,40.07112962434867,31.098102352384444,22.127638777074843,0.7385077499289956,130.73886198556906,41.988483624347765,28.282344930970616,24.81308129757265,0.5730793132404723,695.2380952380936,35.76877608508123,0.05144823957443202,26.400295637664716,0.04878048780487805,2.284748272848343,2
60,2,228.57181184005415,50.519420041861935,23.971948701953508,36.825905531149566,0.5683220708133785,111.04797241022473,25.800370525667237,11.753732685660358,18.293562211061417,0.26111346728578133,140.30226472340863,40.189646597721506,27.600003948858596,18.40819588164086,0.7697616606034086,133.44583416878976,44.090807452769575,27.32588793331994,19.741433797159285,0.5850012919040963,719.2195121951206,52.430674321012845,0.0728994047463894,34.362770551874476,0.2,2.47815408643604,2
61,2,204.87438090666348,39.791802698152374,17.700419460022392,34.95419622189034,0.5605260231923822,101.27557668074756,20.66026837455861,9.170332085245649,17.496406958637397,0.25448475732714837,88.47639095545918,32.27749073355572,24.135286258741267,20.096175716152676,0.8617629042224124,94.62037832935827,38.556312505093956,23.87603902937468,19.74412668330446,0.6275461485298056,737.0000000000005,41.11023330085709,0.055780506514053,37.968948176649,0.20512820512820512,2.5124190159663966,2
62,2,170.28593342996285,40.37658533019697,21.05826770094717,38.207876362678746,0.5763194857005918,82.78342020022052,20.36676024030563,10.714512126640491,19.030721012005714,0.2584951366747966,102.31969036130991,34.84851302610718,26.344594992318214,23.287154889842256,0.9680649487584532,88.66906527095995,37.62659287010904,23.5215781928323,22.057085330287112,0.6824064951312381,729.8000000000002,47.24144204142778,0.06473203897153709,31.319691520234144,0.10256410256410256,2.2608998071445408,2
63,2,149.51131529566362,45.255162489797854,21.182578641042753,40.68036721489203,0.6454656555832966,72.93748217749219,23.326789249214677,10.815324161480945,20.177536139831684,0.2882609087650536,106.3059658867653,32.988661779380756,28.32847071996593,22.732345407443482,1.0997464993246509,101.66357679118427,35.021877085354305,23.959275384734923,24.75428935537086,0.802388259517789,726.6999999999996,52.10157731753029,0.07169612951359615,30.22649542440173,0.07692307692307693,1.9395053887875637,2
64,2,237.62817973608745,48.31034550878924,23.40913131551877,42.93195364876378,0.6334759725513237,115.66704471893298,25.22382803129559,12.078708619468552,21.452270335937808,0.282139308855558,82.80016832659548,35.81883493306562,29.635441974031526,19.763137623776956,1.1103480932076875,83.31490682031877,42.329987338583955,27.295746975588653,22.297737092668253,0.81132637865407,696.8571428571408,39.32638376370767,0.05643392504017107,25.40597202695087,0.04878048780487805,1.9607385337498857,2
65,2,333.3846934236631,66.60041736464305,26.459541972970737,42.541247856634975,0.6676485443514475,162.26036641200005,33.53865906537144,13.261130470459358,21.322438926186738,0.30015846508800004,76.3542163081778,32.095142533185324,28.1112686537859,21.786407019090902,1.1383351507169213,80.68837015984055,34.600122544836516,23.347429965116973,21.36600897016064,0.8237153032353657,692.0952380952403,37.00481809355515,0.0534678120245394,27.08613181289368,0.07317073170731707,2.2495624865283803,2
66,2,298.96827038922953,64.12944676703096,25.60343500912896,44.644607779560246,0.6655198994208045,147.1929431383992,32.71364110876944,12.700158004424434,22.21325465284876,0.29541948262046885,80.84112536289673,35.97608347681833,28.597514214020737,23.163194946556995,1.211748438312682,81.873056514867,35.00612558675911,22.495433624577423,22.28455064102745,0.8669811225127124,707.1219512195113,36.63345132658933,0.05180641226511329,30.60065358779839,0.1,2.4101063006444456,2
67,2,226.78344136171953,41.96612575212346,22.0441072693234,50.33103719415448,0.7714649819481522,111.28619717031594,22.030826272446063,11.141952344523215,25.15416658352403,0.345429838443008,79.64493727468687,38.389124319196554,31.344718743595486,21.510572235070022,1.2040232430883293,85.12223383141189,44.66169189097482,24.14203584352078,21.440154481917258,0.8575675793640745,707.1428571428555,33.40262252635835,0.04723603185545636,28.24975717576137,0.0975609756097561,2.178737474787071,2
68,3,217.96888484553676,44.442749456760914,24.641192179954647,56.80341329354537,0.8815403317125277,106.97982531792468,23.12368178749494,12.532288520647334,28.459001118223195,0.4013665848870545,106.77339272845147,32.9372449009102,36.495905218183616,21.923704949601195,1.2723980139728612,109.12945889963382,38.547078567026205,30.851442103737252,21.164241229462625,0.9280308697784447,685.2380952380918,42.31808096749854,0.061756754712819585,25.026814887553478,0.07317073170731707,1.4800878004679034,2
69,3,243.87410769256695,43.60711512132651,32.70323947383158,57.69125184888957,0.8164455642881211,119.8058391272953,22.795600848005016,16.35255588113858,29.097125634578283,0.3667985340859883,91.68067129479194,38.5811448356192,30.2082975685216,23.892654115148247,1.320886873796763,102.1181773903699,41.8237541142601,29.94375134279761,22.497852308153114,0.9092800687425073,676.6511627906978,35.0882450272477,0.051855737426850804,22.686266036261937,0.07142857142857142,1.4135769686487007,2
70,3,230.8676992522318,35.8484041648473,31.696461596060125,61.17121186075838,0.8072505187693239,111.22143263172359,18.762811720430847,15.705374254271215,30.81604029580611,0.3619969344249595,104.42154844595086,40.980141756957046,28.366156366498608,19.795868343462892,1.2355945875444814,95.57592083360822,40.90639501474185,25.95526297101292,18.17064292163614,0.826079726289969,694.7619047619063,30.22501752007183,0.043504137623132766,26.080550645114247,0.07317073170731707,1.9021641750532636,2
71,3,195.1727147551684,33.270654534470246,24.27612700905303,56.919088431307344,0.8780654134660149,93.29532345883597,17.578675069637086,11.908186397941126,28.75612783380297,0.40105400153523896,99.09842012764686,38.50128310808839,27.016942818339768,18.57646548470993,1.1797198983300232,83.01146991659165,39.4141365598645,22.33358792964415,16.795792655946382,0.8404631074787527,689.9047619047647,29.33058798261326,0.0425139665678407,25.85513111317531,0.04878048780487805,2.0081217198952137,2
72,3,282.38627432829287,34.630056676106015,25.582936406056028,48.71842821882073,0.8100871056174181,138.24116489687074,18.521639688713144,12.921981365207195,24.676974821480762,0.37362095768268466,98.02224197257628,41.016304772717355,26.98969572018654,19.142215175670458,1.0554537854858623,86.64010715376303,42.42813373764813,23.954622566715102,17.297408621018953,0.7368860442980676,684.7619047619046,27.20456339393742,0.03972850008850389,22.306074858907884,0.04878048780487805,1.8594678638566549,2
73,3,308.82064008194794,40.34180034951514,24.92941795761891,54.81481130866018,0.7784812564135529,150.63052655659072,21.13600679324,12.628559955542224,27.26551839693032,0.357474015295263,98.84130556388703,44.32211563088012,27.80350167230525,19.77347485208866,0.9315891034332682,92.45980729223807,45.51421589505561,24.901922282665602,17.753841756564107,0.6612655815507124,694.7906976744181,24.896507825057583,0.03583310471540624,18.62921412857772,0.0,2.056860317753774,2
74,3,209.5480758528932,32.92761729963271,22.526413759531113,58.33653640779549,0.7981063070818986,102.13984667054396,16.739836142895946,11.452305300751531,29.071051971117104,0.3668523998238699,100.68929621798648,37.5189832474485,27.38944999027235,18.59364257289018,0.8574937465778707,95.8723762046663,39.04406893212141,24.78608249645258,18.50515420884619,0.6246815147410893,699.2380952380937,27.940537491390614,0.039958545853936545,19.244257933581125,0.0,2.1824084938932713,2
75,3,174.4711195408503,26.902304551306806,21.11231887381879,60.09303599853743,0.7951702330891466,85.21979166815328,14.248024138331393,10.91438303384262,30.151305054947763,0.3674046401161525,85.30788352300297,43.18418355356687,32.34103401302576,17.685505747227452,0.8441448104599146,97.25848239182214,52.54110187592735,31.766130270552367,20.086360175179966,0.6159712525956006,685.1428571428587,28.27441438316328,0.04126791090119735,16.421283037113472,0.0,2.043348290678022,2
76,3,158.75315832291963,35.48995238158701,24.261654239609346,59.72083265598515,1.0134166163432181,76.98937678512262,18.44854403088634,12.433622451523108,29.512347503545197,0.4795453172241036,75.25105127464734,44.58127195028422,31.1024107666748,20.78164933903972,0.8616888895918853,92.6210708715941,52.68769633883198,30.387440643081177,22.66162510216807,0.6609110827359973,682.325581395347,24.161875646830914,0.03541106519474207,19.847034083328396,0.023809523809523808,1.9378281039075467,2
77,3,163.35795142602205,30.22070449155993,23.767157040152696,59.56283006857715,0.9592929646310878,79.55172815590252,15.822885697646452,12.610823998828453,29.684938176359413,0.45456694493306643,77.39364461227079,38.447261340424944,29.254533476815602,22.336936347951024,0.8198636648016644,88.6672627007001,41.847734800120456,24.53176627225866,23.069523772762697,0.6562640747229999,682.511627906981,27.959470746605707,0.0409655595646735,23.840741439437082,0.023809523809523808,1.9543042726605742,2
78,3,169.65400963376064,36.44330393527102,29.192593477111483,63.94985321960597,0.797045366177958,82.1578633530054,18.65723833728462,15.123503505153423,31.975704474788095,0.3726983811007024,97.85604480666406,36.01091318566164,30.018793109642015,21.555335680384882,0.804990578129307,88.1949431610277,39.51789770139477,25.33145833513986,21.779499000703662,0.640391925655547,684.8372093023278,43.900824502821635,0.06410402925907784,31.483933922543986,0.09523809523809523,2.000000032382615,2
79,3,157.96485990623916,42.38251212663506,26.71127222780076,65.48371304394166,0.8119653761603935,76.00710771952508,21.103631576354616,13.758572108881133,33.01909643530581,0.3794604607010372,95.63226511941339,39.38072060151681,28.79773602308514,16.957007193105525,0.8067846154941829,94.57460406440785,41.74215528721471,26.09171464798235,18.752950708486708,0.6771147186804836,697.9047619047594,46.75823106035829,0.06699801120821013,33.53629268166228,0.12195121951219512,1.9719649324617308,2
80,4,195.86985299081158,41.433960971780635,29.035552160321455,61.060710016360744,0.8660253402044553,95.13312888370262,21.01297722065066,14.951585513698943,30.937416155135782,0.4082158663127317,99.04035126507328,46.351642216051445,29.217137249078437,18.456071382931754,0.7686187837661376,98.5387709121753,46.643402965224524,26.140306406779548,19.909906084364742,0.6275803658030127,689.5238095238103,46.361905143641266,0.06723756961439678,28.64075213619241,0.04878048780487805,2.0013680312438265,2
81,4,189.829392450174,40.368277727392645,26.57181699436406,58.75307714038336,0.922593552681346,94.50342142459465,21.05847862403164,13.4180794841273,29.41851507680809,0.43723391642371867,88.19963485201009,45.41315147497754,28.735310467719813,20.94303447129809,0.7576294344021985,90.19367767532374,50.01081565036147,26.615469730262433,21.91135093499247,0.601757936848106,683.7209302325601,44.356953382741814,0.06487581617203715,30.205644379478304,0.09523809523809523,2.137788305018927,2
82,4,157.97544001682405,37.42546541533528,22.38428526495614,64.41663012140167,0.9055754515084082,79.81169814508472,19.937161692824695,11.562769539266212,32.27325744947153,0.4280621226191207,90.3205138141862,49.85448559574413,28.04008994438385,20.42974617039897,0.8080633763152025,103.18708359455452,53.477489154032384,29.283600646130044,23.204578687555173,0.6387065678417612,700.285714285715,39.2852518186083,0.05609889080584615,34.14745642775345,0.17073170731707318,2.2094051408822106,2
83,4,199.39798501588064,39.99549466787156,23.81995139907875,57.23271306976749,0.847372829512742,98.19427117471302,20.732792562446804,12.393878344991503,28.815861294094667,0.398974021302122,103.61452245685523,39.29208655664868,27.93310475384527,20.392575347220916,0.8016781882253088,105.18050688988725,39.79525802538402,25.517356155677952,22.585408382665662,0.6794414630671564,712.7804878048763,38.15986910034173,0.05353663540631039,34.50797009385035,0.15,1.9921338140398153,2
84,4,231.9878821783776,46.913723073600266,25.949197981989386,66.53933342224879,0.8460153038804541,112.47755654857589,23.925201563521178,13.164979800634143,33.201749044364036,0.39451906668524045,110.20356455099142,39.20779319317866,28.91315205450481,19.705338907704522,0.8223985074661372,98.39366390313188,39.5290259164387,27.449235042470313,23.805593240681212,0.6651507371030598,696.9523809523794,38.84990026100649,0.05574254615203185,24.97217964248695,0.04878048780487805,2.0253157120152365,2
85,4,193.36925708073338,40.136930085303,21.369662492859945,65.86316382731434,0.8414435142189483,96.08447788602183,20.187369127988912,10.670914108372221,32.87470985735528,0.3955607179401341,92.01676483968637,42.080506989232184,29.969491717125614,16.940948413518722,0.8082924115273814,84.33464714863348,44.43389059240066,29.683353981732015,20.38023532224069,0.637994786009126,687.5348837209267,41.369041125895734,0.060170097700362794,27.78831546152777,0.047619047619047616,2.078745795769498,2
86,4,210.88796652919496,40.9308427591404,26.81378909887609,69.91720192518338,0.9414623881648824,104.76096597136906,20.921426709588637,13.48029514999228,35.10773202714583,0.4430256571567942,89.66226026602315,41.43531254882572,30.656480665169717,17.992617982275142,0.7995733645773337,91.77312302102311,45.85039927032599,28.73322213590919,18.90130137617619,0.6137803179105983,700.5714285714281,43.48318590495879,0.062068169113929796,28.76990297292955,0.04878048780487805,2.1953326661250894,2
87,4,289.79275825835936,43.490391538081525,30.750272709793908,75.36613038649219,1.0604091144001375,143.4574001136975,22.693474287513844,15.655008214797979,37.6721821550781,0.5032195316207517,95.14409181890082,36.11580205997365,30.623037903531696,19.15445960507717,0.7957523373768315,83.76666153749453,40.57205422716084,29.78150653456801,20.08576143434081,0.5807020641583922,707.5121951219521,36.388955708580205,0.05143226641105166,27.33495930124672,0.075,2.3874355141703796,2
88,4,388.4912527720565,48.28953053168835,26.06143661811576,79.54223815711687,1.1625986460040725,193.37134408297115,25.330366243547346,13.21595187841194,39.79419844645233,0.5562432284677824,102.64091315447925,38.733096521392895,26.484713570523716,16.21654468673852,0.780457103838981,97.98316433083633,48.21186657596158,25.84802877017036,16.426670942723412,0.5417543611403062,704.8571428571385,31.14135469317566,0.04418108691776064,26.53299832286622,0.07317073170731707,2.43723352684855,2
89,4,383.98846228602997,47.553393632400514,27.598453655859526,84.81382647021094,1.2757515051459882,193.9704533177269,24.503539242996585,13.496733006692967,42.37758513351054,0.6097001732602547,115.40357110014232,38.10439384923711,26.221460902753137,21.88356147743449,0.8770014565101195,103.5154840098891,46.51316506992768,22.328543727947526,18.578839852893957,0.5991091788474131,702.8571428571423,25.821688207441124,0.036738174278879675,23.020669397586,0.04878048780487805,2.5441413605404644,2
90,4,199.9010056403851,37.13887796312032,24.740212070523153,81.37318312972441,1.246503707664568,100.28264436447012,18.874888671942223,12.279314195204343,40.550699338963305,0.5898535004645522,107.38189799458694,39.466758339236726,29.70042411794358,23.588904696062997,0.9809418463725311,108.76094418206556,42.53132648544656,24.51719403416502,21.368033986581228,0.6945330289083584,709.8536585365864,28.17229221738296,0.039687464984630966,24.971984302439683,0.025,2.6351954274508578,2
91,4,191.94325671040673,38.2887971317147,24.988948750947596,85.5556999365142,1.1483438271932676,92.69228544462021,19.697849374083134,12.63266687530601,42.806672038269504,0.546368726834535,93.12775995725981,40.64599695610809,31.286158146038474,19.985474304033268,0.9647285248133137,99.64835224676446,39.54908914818907,29.41524753582189,19.725018722800296,0.7203562691756624,691.7142857142835,35.933736926152605,0.05194881422616048,22.88465243507295,0.0,2.4717499360016566,2
92,5,244.21112154544852,35.07927529067559,27.610430236901376,104.23045824787435,1.1507531246972944,118.24060257518374,18.20935928352024,13.948332337647393,51.74247476733031,0.5462355592638544,95.62670267734379,38.38769043351756,28.471413982819733,22.30286645036496,0.9053853842405415,82.58704893698976,41.877136383300005,31.09094411302335,22.167190532330505,0.670110972823303,690.7619047619033,40.67228307973052,0.05888032156861593,29.894122107625165,0.07317073170731707,2.4544912967334755,2
93,5,373.2011506777835,39.271431478983004,34.48421081903533,107.64449024090806,1.2879809404929834,183.87096429363334,20.183888958129124,16.962702742894287,53.15295915662504,0.6153595351822834,116.3518405890942,38.70141134873799,35.51675059447765,22.164225971115503,0.8804859472212835,96.57387964923466,40.29681470544757,42.827187742211244,25.725614573818767,0.7427616490370526,699.6190476190479,43.46737065048128,0.06213005606180959,34.392285011222086,0.0975609756097561,2.3673389618674534,2
94,5,431.9109841836016,44.7176275639234,27.347626005866037,104.62290731187876,1.3044504926727156,213.78067932093657,23.46033174338054,13.627146068608681,52.036388628641326,0.6298987084030022,103.87559319415766,38.02166125660648,29.07279807409623,18.04322985841865,0.8534602308344972,94.40606584520312,38.974491891412285,33.57483511194251,25.097084397407833,0.8013368383538125,691.6279069767444,34.207367109494,0.049459205975394806,28.923544536809302,0.047619047619047616,2.1980074176587334,2
95,5,355.8034328754653,51.41431529303351,27.989449962680318,109.40793185188471,1.4043165387632872,176.3768172859508,26.803272472555708,14.394220412204906,54.599136676452055,0.6798622815271331,84.21447654208373,36.73633717996197,28.438807538799253,18.63288828900707,0.8697028510590886,84.5770191338174,38.068121962300566,27.643454002617833,24.537302887342708,0.7838268812915677,694.6046511627945,36.92859231316718,0.053164907910344845,29.626243192721308,0.07142857142857142,2.425636373170405,2
96,5,192.50390539467443,48.88700769286392,26.98886332019334,101.39102710068671,1.3776965526224483,94.79135978211218,25.44946377008025,13.780450910614976,50.580487150850075,0.6588468204878168,94.36348267867496,35.691127312038475,29.695819069856743,21.648638547699612,0.9300340348231149,98.22537730881751,33.8216466052314,29.09534622901825,27.686105933085628,0.8885517250824546,688.761904761902,37.72287235512253,0.05476910394479925,27.90926063632828,0.0975609756097561,2.5275982505034786,2
97,5,193.2527082351516,43.24454071769868,27.78207383230819,82.90411541209048,1.1521928839893887,93.07502546849045,22.562079360541787,13.914664733602116,41.36600982848386,0.5381715926712295,103.929146177374,37.49760704994523,31.71711257640885,21.0115135086396,0.9708950261960934,109.21862022901244,35.8729783280144,32.02751985875234,28.589445142541283,0.9463688124890232,704.0000000000007,40.66448081557744,0.057762046613036085,34.99714274052774,0.175,2.5080324977799133,2
98,5,203.10070725147008,41.543196904483516,26.31717425088631,86.40038498901012,1.1496034698747195,96.98152161392221,21.20944660663561,12.995909429159099,42.8658282524746,0.5422620700813203,101.22595386943442,41.76021092753526,36.53417131005984,20.059333284933103,1.0069852745563228,101.17595975833889,37.39624936253131,32.97895851640609,22.77250889681408,0.8272270034184448,713.9512195121936,43.20298092696603,0.06051251086381562,35.98332947352806,0.175,2.4428229798969276,2
99,5,189.9973262849395,39.29638049881048,30.38929808645202,91.16546341273559,1.2818938890019904,91.45422144853043,19.944932857779875,14.840518383902014,45.39677123389709,0.6098423423784863,78.76855660443242,34.62226827891871,35.72081669910323,20.243345806942134,0.9762595000929959,78.75662390716826,33.65445909975722,29.77121745729975,23.369148709113105,0.8318053280074706,714.243902439027,33.988807339920534,0.04758711586315861,28.24181297296898,0.075,2.183757173802605,2
100,5,238.87256288655786,35.478590365801566,34.120222224378445,92.53179807981543,1.3045634413335625,116.3456405893134,18.116948691856837,16.690923805543957,46.1865030699751,0.6252976041583432,85.6109868527378,33.96965957341327,29.496462835784154,22.82444676424196,0.9493840099984081,82.51619283149618,40.73495997673824,30.806758380273788,24.30011801126085,0.7801259623583007,703.3333333333325,34.7806132336924,0.049451108863069825,24.474974775178172,0.04878048780487805,1.5344551236686426,2
101,5,230.12131348815922,39.712821574306204,27.676488355421075,97.1144757226285,1.2883622426483443,114.56170399400305,20.285046600853676,14.081138238101188,48.153875861863284,0.6161732177167439,87.67739195423812,40.22392483975754,28.955643728819332,24.097010120647294,0.9495314183396756,92.63431700023855,47.51640620131262,30.086823515575016,23.68002932072039,0.7534412483182444,693.8095238095207,34.56999833864845,0.049826353130516185,23.556884965324993,0.04878048780487805,1.4697040026176063,2
102,5,196.53910913938134,39.553660334732896,25.04090031032009,102.61221776038344,1.1835214501749685,95.30970199032704,20.30777075217965,12.581245963302287,51.0499075238051,0.5605122959016811,91.51071946841769,44.10884348861248,26.53487302143608,23.28973888933679,0.9602188748171122,92.10493417196257,44.93560793172635,23.722668910235477,22.191270398523315,0.7473635785125353,699.7142857142838,25.41200572255914,0.036317688864417,21.477157462823037,0.024390243902439025,2.007621395260488,2
103,5,193.58199430482384,41.6923676794308,31.605135283064584,99.61087636310045,1.2489704624463696,93.47672941234238,21.77774139657562,15.766017732982057,49.65047218309215,0.595005415688584,97.75229903826978,39.48917887936762,27.45936056303555,23.57038968112269,0.8795898715762792,92.48772178241593,40.00007193441725,23.141716273370488,24.225362782423634,0.6703653453615617,690.1904761904776,30.97381907449949,0.044877204399371325,18.646911730157857,0.0,1.9980108811013793,2
104,6,154.13317435514998,38.48341957466382,31.319021139006914,103.98410282696474,1.2234677180274172,76.00781134350699,20.60630877082542,15.918803313158485,51.906245148801325,0.5877252885431395,106.219555078981,43.5962795365855,30.296577504973136,19.942604283890486,0.8130948743917112,101.20205407274601,44.43130412789294,27.345935482043622,21.497518699640807,0.5904557705631905,681.3953488372083,27.490378866669477,0.04034424202275731,18.0686521488783,0.0,2.0448074123628555,2
105,6,186.79582954012486,40.218243587836795,32.105672362839854,103.44351275321145,1.442417357990209,92.3660526381318,21.364970555492654,16.717419129973315,51.77249488678612,0.7013679644535418,97.43215157109313,38.399279355108284,29.02178008016336,17.7389198854984,0.7930923700186034,96.36914392405963,37.066152514108744,26.005788905025675,17.104200903235814,0.5899260304315332,680.0930232558171,23.70434353758007,0.03485456066598065,17.522774296565764,0.0,2.3169901315592294,2
106,6,172.6513492619509,34.388582478924555,33.41285035264806,103.76779066105617,1.3708019140360495,83.40497416583507,17.941669226937172,17.010284843133068,51.60555156250601,0.6647183963677238,88.71974705759784,33.925729947928495,26.909312384934733,20.02495843899192,0.7810546679681621,88.21097177864567,36.944658122310884,25.033054919470125,16.24974606282983,0.5663107873056699,682.3255813953523,29.795909698696125,0.04366817031506227,18.842707317351497,0.0,2.4659847740773317,2
107,6,169.6762371267204,31.24927589948302,25.5213732290423,115.8150078735404,1.2721505494444305,82.30434644081012,16.154196245719525,13.005803348415386,57.69517347261671,0.613387276184996,72.1223452956406,31.4578441261347,27.083449534708837,18.98849634017614,0.7957013874718686,70.93805221807713,34.73838556751606,24.65182909202586,16.59678414125193,0.5658616680056463,682.7906976744216,36.22716564200801,0.053057497363976074,20.00952154301172,0.0,2.5557170231308985,2
108,6,186.52387731169597,34.84027266286683,29.35287068812212,108.95956030717686,1.4319228688709429,90.5493310748255,18.481207552170176,14.820477711586323,54.165553474970594,0.688712610769468,102.73103268087597,32.654513892180574,32.198643552792724,19.37170072195045,0.8921252347203649,97.96301160533247,39.66642470093004,26.61411677277246,18.424855326376367,0.6219795695210127,683.2558139534909,46.29722455080704,0.06775972279389704,29.27700218846857,0.07142857142857142,2.527390542675585,2
109,6,175.27113281755888,35.057344979297284,31.23585358179399,111.2979398100562,1.3846119481285695,85.21257188799139,18.77807856611195,15.688459069152122,55.457956565045265,0.6678964721936244,107.3900604620449,36.720643509850376,28.862211820519107,17.70686244555748,0.9295396839857214,86.61335186309788,40.57362259959757,22.882063347605495,15.59497259831399,0.6553678371278284,688.4651162790708,40.79411070778798,0.05925370762177005,30.104579623164668,0.07142857142857142,2.555342362682754,2
110,6,243.58632430848405,39.732726715050546,28.640073004643014,97.22676525329985,1.4602333923205424,121.7494023415283,20.553473291226176,14.89553846279349,49.235838813947296,0.7010912730871387,87.10340978740113,37.31943913464255,22.920990450275625,15.972828775723068,0.9550730794236748,82.95840977571396,35.39371871757504,21.107062929032015,14.928237034660036,0.70673812353018,687.3333333333374,29.879976708988103,0.04347232304896401,25.405972026939956,0.024390243902439025,2.446813133601999,2
111,6,282.17281760818025,44.92501266237073,28.545807744813175,99.8893377857201,1.5413499975653262,140.1054620297892,22.89601495195179,14.80331576434046,50.13429812747387,0.7378397348338377,78.77736117442883,29.491276548811655,24.08510411729693,16.374539558130202,0.9172248675091006,80.73369289476598,31.504868846623307,23.612566130262795,16.776871871726378,0.6863153102131139,701.9512195121944,36.090131074497364,0.051414015776733615,33.063575124264254,0.1,2.232190457366463,2
112,6,246.37859501604035,38.031302097091725,28.58804207794427,106.54674806247849,1.4910834939008017,121.03724290841714,20.430854606509218,14.974295096145838,53.13172076995229,0.712284930273488,112.32309070408544,36.11733408576478,24.594509968423658,17.34717377009899,0.9067590449508585,107.46415755482572,38.11247016712962,23.51886541013497,17.214152776614934,0.6740325284761313,711.0243902439036,57.199863550925016,0.0804471187427251,38.01578619467778,0.175,1.6194856802243003,2
113,6,241.271398588264,33.093927430478516,31.761216823577676,93.43748562295637,1.3945494258669886,118.15292140817817,17.604744038685602,16.233299606086717,46.42090519767409,0.6620545227949696,82.74454112742785,37.80654133418411,28.534091340421,18.909493882763073,0.9406986528613295,81.11622695771088,37.94063849080841,26.99011316377873,19.938262607084937,0.694224358510832,707.3170731707318,54.79344806836929,0.07746659899321175,32.489998461090224,0.1,1.3680918479890671,2
114,6,250.02146225745665,42.32119143056765,35.414402001017876,72.17657653714933,1.150154272509075,122.92602978193713,21.254061755806745,18.23218566187277,36.171825491186034,0.5420750745849972,96.30770164736187,34.53736498940714,30.9691763594098,19.660622419609727,0.977851942884646,97.82183532852758,38.74760851711068,25.66952629193343,20.900087398019487,0.7136378637161651,696.8571428571436,32.57454597221739,0.04674494091954111,27.726891059120252,0.07317073170731707,1.4224930834165137,2
115,6,160.52860807127124,32.76658581494364,30.19307745800651,72.33684788193298,1.0306074040819704,76.86080403104053,16.54581743151729,15.560171333734306,36.17307279170357,0.48250250718399684,97.81461830277064,32.737028003762504,27.540895344003264,17.0892649741384,0.9797288223855773,98.28466031005672,39.3251093974102,24.14555689416168,17.793900832526088,0.7015808751818271,694.3809523809521,36.671882218008264,0.05281233895063598,28.263567862023265,0.0975609756097561,1.491454504678954,2
116,7,141.03727685368025,34.32858833943166,31.13554666320115,73.57106738994877,0.9908831965394663,68.22632344143618,17.6530785991586,15.773658367943364,36.48978982304534,0.4613806255345776,95.50319851909296,29.645420922911285,21.596724765948476,16.414607735714334,0.9916576218621677,96.11879345584175,36.94188706618879,22.48967380461143,14.905091717965538,0.7112331379461432,695.0476190476192,33.10069808485298,0.04762364070854429,25.513267710505893,0.024390243902439025,1.8698721454894964,2
117,7,191.05861791977844,33.85402849881498,31.879532222453523,75.98189596108362,1.020062226147668,93.35024263455617,17.29679530432198,15.970031164898145,37.646808005375675,0.4768205047990229,98.62223235978725,35.766398172009076,23.46996893690446,17.978084760124794,1.043276323124751,91.38535724904943,38.58655238616414,23.24036892009519,18.132296901889465,0.7527735622804291,710.5365853658496,33.80835515148829,0.04758144175514993,26.046112953759934,0.05,1.9680592111908044,2
118,7,170.79500048555576,30.23193249859834,29.28730450400031,68.59092212512746,1.0068814950373155,82.15577030399571,15.266633959414413,14.676600381973838,34.1155183511042,0.46722506816480563,105.65644844183154,42.41967546018907,22.495797837315965,17.073461054650576,1.1046967344770278,92.54405039468656,41.78059007641618,22.312161024609196,18.26584849186704,0.8088670691335789,721.8000000000018,36.59283942841986,0.050696646478830376,37.577953165380606,0.1282051282051282,1.9862046888424283,2
119,7,186.59400386377328,38.474294127336734,27.605777729407613,77.46165968848712,1.0811999156913277,92.80658110208978,19.732384136991886,13.935216962835037,38.5945945236871,0.503001485686264,110.02617860373749,45.44266691975001,25.710584252152362,18.725044968990204,1.0665180067741833,102.0904480867982,45.760018380883665,26.03175507733026,19.06874907897993,0.7745313312791514,687.441860465115,50.2987751084241,0.07316804227544792,36.30558136283401,0.11904761904761904,1.9301872359164407,2
120,7,171.34565287998663,30.842431976623146,23.8717505231783,84.87752430517799,1.1950352686618544,84.76853667899105,15.944229529820879,12.163807779686202,42.45181797295962,0.5632995194064814,98.006770928119,40.45019194243391,28.096466454439774,18.57423991631422,1.0209255319748523,92.43608139696869,44.51618445075144,25.521618626725115,18.198704310245265,0.7588711031219989,682.325581395347,47.71528702340862,0.06993037975482537,28.485585327131762,0.07142857142857142,1.9311994915259483,2
121,7,215.73747893984344,29.606264364080012,19.533584776059516,84.24330132328842,1.215327730729871,105.16867269993891,15.575076327141792,9.72526472153683,42.302139599421494,0.5780598922805109,95.70056336506005,36.3714006157315,25.61896907311189,18.64648068692155,0.9938606612331182,95.82172119154222,40.66535798169979,23.940711400740618,20.259926874344483,0.7870312444049417,692.0952380952377,39.867958602269695,0.05760472895607981,26.385509696632354,0.07317073170731707,1.9425832125253444,2
122,7,253.37489384703736,33.896753873193425,21.4625292638823,74.39064573150306,1.2049000108958214,122.06449587265132,17.540133051424142,10.978239650910448,37.14906959013095,0.576707463525935,134.50041842943614,46.01592632073758,25.05525246283242,20.82640289412456,0.9013197876413073,136.24022432787336,47.89026725725872,23.29135986659205,23.781071155766817,0.7394779162561012,690.4761904761904,33.883039929875466,0.049071988863957576,22.31482062470148,0.04878048780487805,1.9700728305030446,2
123,7,279.4018824753931,47.32122776981475,28.45842931573492,77.36004285451108,1.104294532400534,136.33825057620092,23.881839924863485,14.328746462079334,38.58255253720471,0.5279153425541552,118.23943084024921,46.9294713678681,26.39273528626243,19.035736250715917,0.888145550856616,116.30911655969214,49.6417695774294,22.833205762860857,19.571897409851793,0.6942221371436843,686.1395348837187,42.4160691671007,0.061818430524177605,29.041841736192332,0.09523809523809523,2.0017908317827127,2
124,7,256.0458567589448,45.32033407371327,29.88446721614347,77.43789742413693,0.9655798777480099,125.90636980035626,23.182445586159112,15.06488754920584,38.6814934191457,0.45784365925416903,84.22383857404873,33.7702599974814,27.31898282559175,16.8401715864273,0.8366078792687649,75.7065343764526,37.144431661100114,24.914917329675117,17.821445920832975,0.6727604204486275,682.7906976744163,40.08120218443247,0.05870203317202324,28.39852444189635,0.07142857142857142,2.0343556944388017,2
125,7,238.23305995312074,42.420027857790174,27.398808134553327,77.69029918775355,1.1318250854196383,114.7609420847071,21.962886322938573,13.77982078975054,38.69846010829134,0.5318525365888063,97.76121705104757,40.814766980073685,29.380611048435764,16.369793727280598,0.8847765811236443,76.07034594206212,43.39703267386927,28.36538877330023,16.190670854061786,0.6709266166636333,696.6666666666665,42.99896009331694,0.061720995349258775,29.868002293036824,0.07317073170731707,2.2566059135268643,2
126,7,237.13846549602664,47.23723001510811,29.10562018910165,76.89705858143559,1.346668727724424,112.36764839546197,24.0357318830257,14.675869524476978,38.19084038472858,0.6353279462602212,91.08902746998349,44.880240408480276,30.983746203126397,16.683345013879737,1.0364892049233263,85.96497521971511,44.50200538087864,29.353067038376274,15.388654411781832,0.7696855048420645,702.9523809523837,38.87249474695303,0.05529890188904014,30.711879007906678,0.07317073170731707,2.4430365379550834,2
127,7,210.6126409219621,45.24653522423212,29.588563045594697,76.00738706324132,1.268363224020448,102.75080970763211,22.897778922805998,15.136959407718905,37.90559180494388,0.6001624074750689,67.15723630409094,37.359637572274394,31.02444526430923,16.558290211484046,1.0394569439629284,71.03160025071205,41.37654791108274,28.121567991518095,17.59517455345947,0.7902167834815264,691.9999999999965,35.66784436928545,0.05154312770127981,27.222659141463918,0.07317073170731707,2.0843436187955957,2
128,8,182.72288932738525,39.38836007837999,28.076565567293734,72.39763443461996,1.1474520581388281,89.92209972392313,20.27986548362521,14.122527707813761,36.51237318017236,0.5393049382626107,83.490595247227,36.49058263241595,31.353473842407652,15.536760170391782,1.0437904563523213,81.07621052915897,42.65322167396427,29.01584444847487,15.603317596402132,0.7620737726439993,695.8095238095276,42.95388230003977,0.06173224256096566,29.978854336291487,0.07317073170731707,1.9458830827929245,2
129,8,183.06406452857837,38.29204780365844,30.475424225129945,80.9282144398403,1.172517058979854,89.68785939709869,19.320075520776697,15.454234475803208,40.906774569720675,0.5486257953207587,88.6103648326461,36.59359330201462,26.37969867384812,17.249861969130343,1.1080579873378786,84.63257326901656,43.59050208094695,25.252789770278614,14.215250752441698,0.7781023367382911,700.7619047619052,36.26717223121139,0.051753915252476135,25.779553251593228,0.024390243902439025,2.1831061603230855,2
130,8,193.403495421392,35.91713085717739,26.97895440207132,79.55413427562534,1.1426819054765853,94.23507521765549,17.936946481964497,13.634238217627423,39.81131802153444,0.5296753493387446,81.42117762540282,29.25721519356648,24.859564034144615,16.21840157754103,1.1655874363624819,77.55591843176083,37.49270748853261,23.32566244990179,14.133529094118844,0.8230116922583981,693.5238095238078,26.63505675885771,0.038405396315298906,21.32215154108183,0.0,2.3548699489685467,2
131,8,271.3995042918201,43.343698675181315,27.962356149625993,82.09856844426929,1.0874361552318157,132.2541762622642,21.850739133588494,13.934110006787202,41.14068205940224,0.5061412377430744,115.67448777372755,38.20089831331066,28.55595925295709,21.651718758433148,1.2229312105182037,110.20729595648253,41.637752354481705,25.669013100651398,20.974326999696707,0.9514596855775521,684.0000000000008,53.34523676687954,0.07799011223227993,32.17215595897825,0.07142857142857142,2.2204024210330657,2
132,8,258.3045148084767,44.72735120000047,28.48231928110011,90.62552467245236,1.0842989791113795,126.21606907064259,22.73925345507579,14.02236710746432,45.37294967195995,0.5071456573614218,147.35871738431015,41.65380030022445,31.139236975925577,21.80156833438792,1.1837976260906893,128.88273424518385,46.25437453475919,28.816193763500593,20.786072177864554,0.9393518884465155,689.3023255813977,53.628144211841295,0.07780061407250904,30.438071398783777,0.07142857142857142,1.974992258786587,2
133,8,2609.8605025120833,54.4148596185843,25.733940377014086,86.06454513359212,1.3446720205110219,1311.1212955754454,27.865750864611947,12.986625175698167,42.8948541030967,0.6330242642510308,94.31287573045906,37.40507075715361,23.584945742762102,16.85168908713212,1.0718144047900449,93.27609454709055,42.02323948279229,22.90852627407993,16.79413600442144,0.814832715490096,708.1904761904743,35.403760372996814,0.04999186174239746,26.7381156641305,0.07317073170731707,2.146169278056554,2
134,8,2681.9541558155483,59.83410021020804,30.021459974868034,87.04126016852308,1.3518876344612143,1345.5213534730988,30.762443512716658,15.407133802017215,43.293781068449796,0.640384297797927,99.78335460633762,31.49105800547934,24.33277077349147,18.257956598169997,1.0138888797736323,108.65416622447175,30.516661055661498,23.055089972418774,17.38234091332742,0.7578309649088475,708.1951219512209,35.96610870819665,0.05078559226601666,26.16868357407016,0.075,2.376738594553637,2
135,8,228.4395096414019,38.04167029933024,25.289471084278524,81.73347558132566,1.1087445359884862,112.83179121852477,19.426936806078533,12.678354052831262,41.10529994178646,0.5256477600115478,77.97428403700164,32.10970055164459,25.07439881038889,19.097713395884693,0.90368222509183,89.38617071707127,30.368838505671278,23.840671219303438,18.332631559570334,0.6898414438527987,700.8780487804959,24.27364323907651,0.034633190868670845,17.966635745193585,0.0,2.0743390141458478,2
136,8,219.32809708387245,33.24023634242485,25.685991745342484,81.53572123192636,1.0521358898892526,109.6633368375725,16.86163085215737,12.943642018918146,41.140696910264545,0.49565066703745203,87.88219549507195,37.81828323959388,28.361603233906877,15.711168507711466,0.7997468910422829,90.11823423691007,39.15398675234741,26.64990551706039,14.038441861999337,0.6055509607102714,703.5238095238096,24.245933121637016,0.03446355730028274,19.091563709663863,0.0,1.885137657773796,2
137,8,198.93348772419773,28.260330586033824,29.05388535315086,81.64159481090391,1.0405384047659951,97.34812126722686,14.701189358821651,14.454380744227493,41.0490947981031,0.4928034361520537,108.42476207659797,37.41027130844567,30.94697078663262,18.396792031338947,0.8023853296051389,94.79847096732536,38.458767531743476,26.60836355657696,16.383201652379235,0.6047057324343486,716.2926829268278,35.342781372181726,0.04934125702327206,30.2125801612723,0.05,2.1642350845002563,2
138,8,1010.9603000929826,83.9397284502711,35.821413390042125,89.32374590556934,1.3605788418640368,506.09328515076896,42.43616625635562,17.967235800166186,44.42801921605241,0.6558692052465817,103.02489870895614,42.47565174060418,43.80556944006501,35.93840598829328,1.0046473244036886,117.24754557222619,47.65100411918983,44.0283019675211,61.96863608935092,0.9722781196872834,724.1999999999962,38.483562924787684,0.05313941304168446,35.92584956085712,0.15384615384615385,1.9375825424943987,2
139,8,1464.6955021646763,128.56549068468934,33.21742214149127,63.986085707930556,1.2436608909163385,734.6930069170376,65.25895643190087,16.824601007707273,31.847622899669908,0.6023876270442502,123.16893456949089,42.38950248671785,39.66769767133319,34.21326127697747,0.9386942253356287,126.55107093319116,48.59337985550921,42.737476404333115,61.255433895338975,0.942868499837618,687.5348837209268,42.64769788753112,0.06202986771627139,23.72059583293064,0.07142857142857142,1.5448381173298176,2
140,9,1189.5976361160886,136.24024816123898,33.00299880832576,46.54697184635349,0.7875112369839273,590.5404014017116,68.83857007382072,16.79783344266407,23.512288907911554,0.3746385491441564,101.4187287653804,32.86405524446743,24.49795746999531,17.42427710893129,0.7339032021094543,97.51280509041491,36.953051849746416,23.880922730203896,21.26499630404453,0.5600662441051973,686.046511627907,46.54437385487275,0.06784434155117046,20.368042194982284,0.0,1.7313499216213835,2
141,9,951.3654117692907,102.25266669496898,37.27645825474558,54.97621087235817,0.7527862726358331,475.56285774204565,51.36977915332642,19.1100960022662,27.61049053547877,0.35881254153111924,83.13277554794205,30.80923693095742,24.81865387130853,15.501713018846614,0.7196907692373103,81.07451267224815,35.765903467579385,25.572576666121336,21.746347423396706,0.5995785248633665,714.4390243902419,37.8404867704373,0.05296531331380355,25.139610179944675,0.0,2.0951875920457708,2
142,9,336.5741342809594,51.321915337399204,21.88827749782128,55.294636194864985,0.6906442289468029,168.71516729306396,26.524814768337915,10.882259117442231,27.542392960480363,0.3230613659041821,76.91479196427825,31.607576075160395,23.357441604219684,15.12271135632389,0.7095702423719414,71.34799971143516,35.83773302896341,21.47869400313047,19.500362803556047,0.6079694942952292,718.1463414634247,33.753193164213634,0.04700043878999931,29.67827488250836,0.05,2.2424248138715726,2
143,9,254.40863755085437,42.30472996883832,24.686997444993878,62.3454912440366,0.9103533241187015,125.41667496563521,21.69847987665651,12.094927714008358,31.306804329575183,0.42834421308714327,78.05879482608643,33.81593078319159,24.40582646952046,16.77829272589519,0.7052738084657791,79.8865079608579,37.430298733951325,22.688401906004014,19.247469904440777,0.6112775660571375,718.4000000000083,32.60706231508099,0.04538844977043515,25.451814705276973,0.05128205128205128,2.3342720451840893,2
144,9,357.28374131903615,45.79882842215767,28.18145510061354,64.09833397411124,1.035461707672707,176.37897456353897,22.984244897556557,13.855043699081472,32.12042945070002,0.494140232585439,89.56699151334035,34.23278608364143,28.92847817638111,18.547407686053617,0.7095233129861755,93.3550190254669,40.61563423495062,26.97404549526456,22.62661713127544,0.6119393107792709,721.9000000000051,43.271237560278585,0.05994076403972611,29.05697321304283,0.1282051282051282,2.3527247800190745,2
145,9,366.4697982827405,36.995597368044066,26.49105747608186,53.48438827634757,0.8970117013145108,183.50243953319486,18.796683445035733,13.184528820986667,26.818489307689877,0.42072567884785483,92.61598345075946,30.73136436147244,26.58467361841313,18.32788314460927,0.7711536244075123,87.21762715306026,35.47708050603816,27.263965593522894,23.30330289661078,0.661668362032475,732.4000000000069,47.895612988966555,0.06539543007778004,36.51483716701746,0.15384615384615385,1.875172465894949,2
146,9,237.31585951380217,35.99421084959617,23.886308235607263,55.50216027757896,0.8043023475001805,120.48593095177107,18.377347125165887,12.550859859841706,27.77680278230059,0.37153725799383386,89.34700662643971,34.14003618959144,27.252722829144645,18.84197122464274,0.8482572672352157,94.45100973685481,36.98601920599674,25.570620626850953,20.136616053761966,0.680257207092036,720.4878048780479,38.18057225293964,0.05299266968078968,30.983866769733893,0.05,1.5280741891303837,2
147,9,341.177724666904,44.63278683009007,28.014762978680043,60.47636804000562,0.8641070904099057,171.116328547812,22.81486334708398,14.63104307449949,30.05984855758253,0.39894072492988303,106.39438087222958,37.26735746931207,29.602854416955058,20.080213005981648,0.8973629146733868,108.42757591948278,38.70734684460726,32.59546317101847,22.243320274541148,0.716241318508466,685.3953488372035,33.23662604997579,0.04849263436987551,18.903262505028522,0.0,1.764555030774588,2
148,9,481.6988045072345,42.37770973338562,26.446381827963503,59.17720628731704,0.8306208899378733,244.1483052107307,22.01429858530943,13.52114842518821,29.362325536517492,0.38275409298176877,98.87857229661152,32.27979880763051,26.40573204888697,19.65102074336674,0.9183170176622735,93.08975964464982,33.226626669206496,27.534131266520088,22.554741684211958,0.7505615265288013,677.9534883720941,33.00068793534901,0.048676920321761984,25.17746535894114,0.047619047619047616,1.6990328021211771,2
149,9,217.94293408666402,38.52938748581604,28.235948908176745,67.8255307459429,0.9947851682094543,107.60485577783476,19.82210605543578,14.173098080893576,33.804899611381586,0.46747042856557786,87.09867130969177,28.393033057949687,31.148421663874874,16.89329604587113,0.9228811985503916,78.39196552320944,27.83249323642896,27.164618789067056,19.081463581593056,0.7229697937454327,703.7142857142867,39.503186481095334,0.05613526296542163,32.21876441584467,0.12195121951219512,1.7135612835365208,2
150,9,233.94525546252544,41.57332042574471,33.39215510607163,74.92685152696721,1.1126117018214687,114.19356279692872,21.060914203494328,16.713624496089523,37.45688510895812,0.5282128210683714,96.93670653259532,32.64205787745002,28.327410853567958,16.23828386994721,0.9179819391736461,88.037761042958,34.52935085954833,27.29870852701478,19.79368660764788,0.7268075320279572,693.6190476190491,39.77556081433809,0.057344966160998094,26.56974255635901,0.07317073170731707,1.9777949439389202,2
151,9,222.73422478451278,37.31083297640892,33.72455822638807,70.54794411641139,1.0543465151920144,109.18684717784926,18.807381197475458,17.006133052201537,35.48609142719567,0.49636896840502215,100.34218498689526,34.687217818502454,30.800213410439245,17.431719046460454,0.9078425613195482,95.94684040257016,33.707344488814385,26.990148532675924,19.16520546083894,0.6734392113750247,690.3809523809547,28.60065868332437,0.041427357728639105,20.34818862918509,0.0,2.1926588717128874,2
152,10,159.1778811982601,33.16804420020256,27.631507564433154,64.05076661829533,0.8784939877311423,79.06166191008465,17.02664792815204,13.782649204054689,32.06735673839107,0.4084173706435078,88.61515405148546,34.89690460745095,28.812564940560442,17.103764501556505,0.9106470775964894,88.87932411821733,35.88915309233995,22.15102985632136,17.46464772117789,0.6562940162502383,704.7804878048826,29.802275244635197,0.042285897184040536,27.63331322880696,0.1,2.3508585321988282,2
153,10,157.97930811580744,41.224147625817324,22.542075401336223,63.11333518152695,0.8378299710794495,78.80080986123669,21.3911608660403,11.40165533524148,31.448756970971345,0.3836248950113792,82.49731464870246,33.674253426774264,24.689989553423487,15.715340716689374,0.9204383358293529,86.68244657547594,36.36370277963468,23.04384393231675,16.76838866304846,0.6467779066425132,704.7619047619025,37.18103996488235,0.05275688103125215,33.981343518431586,0.14634146341463414,2.2786654339690355,2
154,10,157.7834298412493,39.00977766535231,22.521676006571663,59.937554978651356,0.7662250822600417,76.0474811241382,20.14866603026476,11.683697085754392,29.839376079029257,0.3474217825826735,92.39992619458009,36.71326685121351,23.07616830080909,16.943970423656182,0.9326087255482953,92.2980286170471,43.18296845428449,22.62245526583395,16.25202945243353,0.6480154018052091,698.1463414634096,39.578757544688216,0.05669120525895153,30.086541841830357,0.1,1.8970679795703755,2
155,10,172.58847482191976,32.059506308608476,20.628154133096142,62.41470621954859,0.7403767451950489,85.80288652142802,16.62671518618835,10.627373563594768,31.170188864982723,0.336980167341968,113.59900770317776,42.72940268173874,23.257364970330833,18.03353469086662,0.9666449852408789,108.67806781890552,49.655228896891764,23.934633987667056,20.33339506439732,0.7255821788355841,673.488372093024,43.38991110133721,0.06442562767118432,25.283158331944602,0.07142857142857142,1.551228770445636,2
156,10,165.29751670665792,25.018310755480467,21.053510320313624,64.01190763883197,0.854648076098286,81.61272067639564,13.320549256668626,10.961476935873833,32.16345571740981,0.399467933020462,107.31622752107415,42.322081904560406,27.838176172141136,18.70485821601151,0.9219896161418102,95.89931243918636,44.872751762777526,25.96017626048052,24.027698858794857,0.738656606942409,686.9523809523777,43.82723976493214,0.06379953105944679,22.4542896113692,0.024390243902439025,1.685013966550055,2
157,10,167.7020924112352,28.718354905515206,24.458178284220683,66.51715802167202,1.1097473396323008,82.46441529870086,15.066436546395696,12.676171026829422,33.36273026054561,0.5263463687423692,87.58450322040225,48.74860057755476,31.097465252787032,18.645399594189904,0.9423585589956441,80.40266581275499,45.81327475602253,24.663286115864846,21.57923585716948,0.7928702038728979,689.9534883720958,37.46614566345706,0.05430242225726868,18.98370228327726,0.023809523809523808,1.4563192951470567,2
158,10,165.5040818217153,34.564673400620805,22.20729954131789,66.28397046189654,0.9913710682099042,84.03355500248475,17.51133169382947,11.304201941758052,33.20198453177746,0.4648599790579787,81.79194671193056,35.528569078491095,35.5752395577641,18.500514172265298,0.9209021985882868,92.90700820933503,34.9427726706765,29.422360947994413,19.02588271826713,0.7135985495361261,681.6744186046488,33.74111588908973,0.04949740663314899,20.912516188486226,0.047619047619047616,1.2940583802418049,2
159,10,279.0657770509142,37.1775911936412,24.828465387473937,76.65042455005205,0.97737576638732,140.90383355280406,18.8086763248792,12.409423529467343,38.42722139953962,0.45656543928556675,88.15451748017425,30.439125263879596,29.332720660129965,16.889443243839008,0.8469472116017263,96.67498439082482,33.85205857713582,26.20126143702802,18.30776619491762,0.6401502848912027,683.9999999999956,28.525677655647627,0.04170420709890031,18.278272295083305,0.023809523809523808,1.416899462871478,2
160,10,154.26907551053216,34.84076534428171,23.138953398470992,78.1436160293588,1.0861022045278053,75.6679959379638,17.642515842366198,11.816668421951734,38.894759733171874,0.5147534303391818,79.92070418187416,32.89240278014651,26.583910758686983,17.119275204086573,0.8643109184308512,98.11917553283904,35.95901946404521,25.422997935126563,18.738148657009827,0.6562075574933303,680.9302325581336,25.310825228582264,0.03717095235071881,18.22609327824366,0.023809523809523808,1.529546488180803,2
